{
  "baseline_metrics": {
    "ndcg@5": 0.48677624848394924,
    "precision@5": 0.4347826086956522,
    "recall@5": 0.07318840579710147,
    "ndcg@10": 0.5982522840094382,
    "precision@10": 0.4086956521739131,
    "recall@10": 0.13542673107890496,
    "ap": 0.5123552573203195,
    "rr": 0.576506786289395,
    "map": 0.5123552573203195,
    "mrr": 0.576506786289395,
    "hit_rate@5": 0.6956521739130435,
    "hit_rate@10": 0.7536231884057971
  },
  "reranked_metrics": {
    "ndcg@5": 0.49188110756310904,
    "precision@5": 0.4492753623188406,
    "recall@5": 0.07270531400966182,
    "ndcg@10": 0.6091685312124577,
    "precision@10": 0.41594202898550725,
    "recall@10": 0.1365539452495974,
    "ap": 0.5180807006108938,
    "rr": 0.5342132505175984,
    "map": 0.5180807006108938,
    "mrr": 0.5342132505175984,
    "hit_rate@5": 0.6811594202898551,
    "hit_rate@10": 0.8115942028985508
  },
  "latency": {
    "avg_retrieval_ms": 83.12382905379586,
    "avg_reranking_ms": 1261.8143212968025,
    "total_avg_ms": 1344.9381503505983
  },
  "improvements": {
    "ndcg@5": 1.0487075109064472,
    "ndcg@10": 1.8246895991536771,
    "map": 1.117475269116805,
    "mrr": -7.33617309936853
  }
}