{
  "systems": [
    {
      "name": "BM25 Only",
      "aggregated_metrics": {
        "ndcg@5": 0.41661980250438824,
        "precision@5": 0.42028985507246375,
        "recall@5": 0.07028985507246377,
        "ndcg@10": 0.40480073871637856,
        "precision@10": 0.4028985507246377,
        "recall@10": 0.13317230273752012,
        "ndcg@20": 0.39737325271766866,
        "precision@20": 0.3702898550724637,
        "recall@20": 0.24428341384863128,
        "ap": 0.460542472538375,
        "rr": 0.5399558640500669,
        "map": 0.460542472538375,
        "mrr": 0.5399558640500669,
        "hit_rate@5": 0.7101449275362319,
        "hit_rate@10": 0.782608695652174,
        "hit_rate@20": 0.8405797101449275
      },
      "by_query_type": {
        "task": {
          "count": 9,
          "ndcg@10": 0.24453347476024678,
          "precision@10": 0.23333333333333334,
          "recall@10": 0.08148148148148147
        },
        "vague": {
          "count": 15,
          "ndcg@10": 0.26500738700974674,
          "precision@10": 0.2533333333333333,
          "recall@10": 0.0637037037037037
        },
        "specific": {
          "count": 15,
          "ndcg@10": 0.7624665449256416,
          "precision@10": 0.7799999999999999,
          "recall@10": 0.20444444444444443
        },
        "feature": {
          "count": 15,
          "ndcg@10": 0.44489422333002,
          "precision@10": 0.4333333333333333,
          "recall@10": 0.20222222222222228
        },
        "technical": {
          "count": 15,
          "ndcg@10": 0.24299515797378496,
          "precision@10": 0.24666666666666667,
          "recall@10": 0.09333333333333332
        }
      }
    },
    {
      "name": "Semantic Only",
      "aggregated_metrics": {
        "ndcg@5": 0.4251021703184767,
        "precision@5": 0.4289855072463768,
        "recall@5": 0.07198067632850243,
        "ndcg@10": 0.39211250155059113,
        "precision@10": 0.37971014492753624,
        "recall@10": 0.12391304347826088,
        "ndcg@20": 0.3612601514408655,
        "precision@20": 0.32028985507246377,
        "recall@20": 0.2097423510466989,
        "ap": 0.4332457040478257,
        "rr": 0.551334680862091,
        "map": 0.4332457040478257,
        "mrr": 0.551334680862091,
        "hit_rate@5": 0.6956521739130435,
        "hit_rate@10": 0.7391304347826086,
        "hit_rate@20": 0.7536231884057971
      },
      "by_query_type": {
        "task": {
          "count": 9,
          "ndcg@10": 0.2301454395013356,
          "precision@10": 0.2222222222222222,
          "recall@10": 0.07407407407407407
        },
        "vague": {
          "count": 15,
          "ndcg@10": 0.2834121226983011,
          "precision@10": 0.26666666666666666,
          "recall@10": 0.07925925925925927
        },
        "specific": {
          "count": 15,
          "ndcg@10": 0.7696800266015854,
          "precision@10": 0.7533333333333333,
          "recall@10": 0.20296296296296296
        },
        "feature": {
          "count": 15,
          "ndcg@10": 0.4029649208837533,
          "precision@10": 0.3933333333333333,
          "recall@10": 0.1677777777777778
        },
        "technical": {
          "count": 15,
          "ndcg@10": 0.2095731732482782,
          "precision@10": 0.20000000000000004,
          "recall@10": 0.07555555555555556
        }
      }
    },
    {
      "name": "Hybrid (50/50)",
      "aggregated_metrics": {
        "ndcg@5": 0.44119431161623957,
        "precision@5": 0.4347826086956522,
        "recall@5": 0.07318840579710147,
        "ndcg@10": 0.41887659257666043,
        "precision@10": 0.4086956521739131,
        "recall@10": 0.13542673107890496,
        "ndcg@20": 0.40663429924170946,
        "precision@20": 0.3731884057971014,
        "recall@20": 0.2449275362318841,
        "ap": 0.4654700002384538,
        "rr": 0.5855014038331618,
        "map": 0.4654700002384538,
        "mrr": 0.5855014038331618,
        "hit_rate@5": 0.6956521739130435,
        "hit_rate@10": 0.7536231884057971,
        "hit_rate@20": 0.8405797101449275
      },
      "by_query_type": {
        "task": {
          "count": 9,
          "ndcg@10": 0.24717212497134744,
          "precision@10": 0.24444444444444446,
          "recall@10": 0.08518518518518518
        },
        "vague": {
          "count": 15,
          "ndcg@10": 0.31156169602473943,
          "precision@10": 0.2866666666666667,
          "recall@10": 0.07629629629629629
        },
        "specific": {
          "count": 15,
          "ndcg@10": 0.7734614170389824,
          "precision@10": 0.7666666666666667,
          "recall@10": 0.20888888888888885
        },
        "feature": {
          "count": 15,
          "ndcg@10": 0.4565418907753921,
          "precision@10": 0.44666666666666666,
          "recall@10": 0.20222222222222225
        },
        "technical": {
          "count": 15,
          "ndcg@10": 0.23696404703071539,
          "precision@10": 0.23333333333333336,
          "recall@10": 0.08444444444444445
        }
      }
    }
  ]
}