index_type,build_time_seconds,avg_latency_ms,p95_latency_ms,num_documents,corpus_size
flat,0.0020084381103515625,0.0,0.0,800,800
hnsw,0.04561138153076172,1.3010025024414062,5.204010009765624,800,800
flat,0.008663415908813477,3.656911849975586,13.22975158691406,2400,2400
hnsw,0.07688188552856445,0.0,0.0,2400,2400
flat,0.015643596649169922,3.01055908203125,12.042236328124996,4000,4000
hnsw,0.15276360511779785,0.0,0.0,4000,4000
flat,0.023540973663330078,4.495382308959961,8.481979370117188,8000,8000
hnsw,0.245011568069458,0.4012584686279297,1.6050338745117183,8000,8000
